breakpointsPerLine,actions,browser,testcase,ms
0.1,0,firefox,sunspider-3d-cube,992
0.1,0,firefox,sunspider-3d-morph,729
0.1,0,firefox,sunspider-3d-raytrace,879
0.1,0,firefox,sunspider-access-binary-trees,712
0.1,0,firefox,sunspider-access-fannkuch,724
0.1,0,firefox,sunspider-access-nbody,843
0.1,0,firefox,sunspider-access-nsieve,685
0.1,0,firefox,sunspider-bitops-3bit-bits-in-byte,693
0.1,0,firefox,sunspider-bitops-bits-in-byte,748
0.1,0,firefox,sunspider-bitops-bitwise-and,710
0.1,0,firefox,sunspider-bitops-nsieve-bits,697
0.1,0,firefox,sunspider-controlflow-recursive,692
0.1,0,firefox,sunspider-crypto-aes,843
0.1,0,firefox,sunspider-crypto-md5,800
0.1,0,firefox,sunspider-crypto-sha1,760
0.1,0,firefox,sunspider-date-format-tofte,819
0.1,0,firefox,sunspider-date-format-xparb,827
0.1,0,firefox,sunspider-math-cordic,710
0.1,0,firefox,sunspider-math-partial-sums,714
0.1,0,firefox,sunspider-math-spectral-norm,702
0.1,0,firefox,sunspider-regexp-dna,17405
0.1,0,firefox,sunspider-string-base64,745
0.1,0,firefox,sunspider-string-fasta,707
0.1,0,firefox,sunspider-string-tagcloud,876
0.1,0,firefox,sunspider-string-unpack-code,894
0.1,0,firefox,sunspider-string-validate-input,725
0.1,0,firefox,js-puzzle-1,756
0.1,0,firefox,js-puzzle-2,699
0.1,0,firefox,js-puzzle-3,647
0.1,0,firefox,js-puzzle-4,661
0.1,0,firefox,js-puzzle-5,667
0.1,0,firefox,js-puzzle-6,656
0.1,0,firefox,js-puzzle-7,649
0.1,0,firefox,js-puzzle-8,655
0.1,0,firefox,js-puzzle-9,655
0.1,0,firefox,js-puzzle-10,681
0.1,0,firefox,js-puzzle-11,648
0.1,0,firefox,manual-bindings,672
0.1,0,firefox,manual-multiline-decls,673
0.1,0,firefox,manual-wtf,716
0.1,0,chrome,sunspider-3d-cube,607
0.1,0,chrome,sunspider-3d-morph,355
0.1,0,chrome,sunspider-3d-raytrace,644
0.1,0,chrome,sunspider-access-binary-trees,347
0.1,0,chrome,sunspider-access-fannkuch,351
0.1,0,chrome,sunspider-access-nbody,455
0.1,0,chrome,sunspider-access-nsieve,332
0.1,0,chrome,sunspider-bitops-3bit-bits-in-byte,354
0.1,0,chrome,sunspider-bitops-bits-in-byte,328
0.1,0,chrome,sunspider-bitops-bitwise-and,321
0.1,0,chrome,sunspider-bitops-nsieve-bits,329
0.1,0,chrome,sunspider-controlflow-recursive,324
0.1,0,chrome,sunspider-crypto-aes,603
0.1,0,chrome,sunspider-crypto-md5,513
0.1,0,chrome,sunspider-crypto-sha1,474
0.1,0,chrome,sunspider-date-format-tofte,538
0.1,0,chrome,sunspider-date-format-xparb,619
0.1,0,chrome,sunspider-math-cordic,387
0.1,0,chrome,sunspider-math-partial-sums,329
0.1,0,chrome,sunspider-math-spectral-norm,370
0.1,0,chrome,sunspider-regexp-dna,1260
0.1,0,chrome,sunspider-string-base64,388
0.1,0,chrome,sunspider-string-fasta,374
0.1,0,chrome,sunspider-string-tagcloud,507
0.1,0,chrome,sunspider-string-unpack-code,368
0.1,0,chrome,sunspider-string-validate-input,389
0.1,0,chrome,js-puzzle-1,294
0.1,0,chrome,js-puzzle-2,289
0.1,0,chrome,js-puzzle-3,299
0.1,0,chrome,js-puzzle-4,307
0.1,0,chrome,js-puzzle-5,312
0.1,0,chrome,js-puzzle-6,282
0.1,0,chrome,js-puzzle-7,279
0.1,0,chrome,js-puzzle-8,314
0.1,0,chrome,js-puzzle-9,288
0.1,0,chrome,js-puzzle-10,285
0.1,0,chrome,js-puzzle-11,299
0.1,0,chrome,manual-bindings,328
0.1,0,chrome,manual-multiline-decls,318
0.1,0,chrome,manual-wtf,348
0.1,10,firefox,sunspider-3d-cube,1154
0.1,10,firefox,sunspider-3d-morph,1222
0.1,10,firefox,sunspider-3d-raytrace,1064
0.1,10,firefox,sunspider-access-binary-trees,1141
0.1,10,firefox,sunspider-access-fannkuch,852
0.1,10,firefox,sunspider-access-nbody,929
0.1,10,firefox,sunspider-access-nsieve,850
0.1,10,firefox,sunspider-bitops-3bit-bits-in-byte,900
0.1,10,firefox,sunspider-bitops-bits-in-byte,1133
0.1,10,firefox,sunspider-bitops-bitwise-and,687
0.1,10,firefox,sunspider-bitops-nsieve-bits,674
0.1,10,firefox,sunspider-controlflow-recursive,871
0.1,10,firefox,sunspider-crypto-aes,981
0.1,10,firefox,sunspider-crypto-md5,985
0.1,10,firefox,sunspider-crypto-sha1,874
0.1,10,firefox,sunspider-date-format-tofte,969
0.1,10,firefox,sunspider-date-format-xparb,917
0.1,10,firefox,sunspider-math-cordic,811
0.1,10,firefox,sunspider-math-partial-sums,799
0.1,10,firefox,sunspider-math-spectral-norm,1013
0.1,10,firefox,sunspider-regexp-dna,18334
0.1,10,firefox,sunspider-string-base64,866
0.1,10,firefox,sunspider-string-fasta,831
0.1,10,firefox,sunspider-string-tagcloud,1988
0.1,10,firefox,sunspider-string-unpack-code,1053
0.1,10,firefox,sunspider-string-validate-input,843
0.1,10,firefox,js-puzzle-1,651
0.1,10,firefox,js-puzzle-2,648
0.1,10,firefox,js-puzzle-3,651
0.1,10,firefox,js-puzzle-4,658
0.1,10,firefox,js-puzzle-5,646
0.1,10,firefox,js-puzzle-6,649
0.1,10,firefox,js-puzzle-7,672
0.1,10,firefox,js-puzzle-8,654
0.1,10,firefox,js-puzzle-9,657
0.1,10,firefox,js-puzzle-10,648
0.1,10,firefox,js-puzzle-11,648
0.1,10,firefox,manual-bindings,665
0.1,10,firefox,manual-multiline-decls,657
0.1,10,firefox,manual-wtf,774
0.1,10,chrome,sunspider-3d-cube,611
0.1,10,chrome,sunspider-3d-morph,344
0.1,10,chrome,sunspider-3d-raytrace,668
0.1,10,chrome,sunspider-access-binary-trees,384
0.1,10,chrome,sunspider-access-fannkuch,349
0.1,10,chrome,sunspider-access-nbody,447
0.1,10,chrome,sunspider-access-nsieve,348
0.1,10,chrome,sunspider-bitops-3bit-bits-in-byte,350
0.1,10,chrome,sunspider-bitops-bits-in-byte,321
0.1,10,chrome,sunspider-bitops-bitwise-and,334
0.1,10,chrome,sunspider-bitops-nsieve-bits,369
0.1,10,chrome,sunspider-controlflow-recursive,429
0.1,10,chrome,sunspider-crypto-aes,631
0.1,10,chrome,sunspider-crypto-md5,519
0.1,10,chrome,sunspider-crypto-sha1,480
0.1,10,chrome,sunspider-date-format-tofte,630
0.1,10,chrome,sunspider-date-format-xparb,591
0.1,10,chrome,sunspider-math-cordic,371
0.1,10,chrome,sunspider-math-partial-sums,330
0.1,10,chrome,sunspider-math-spectral-norm,357
0.1,10,chrome,sunspider-regexp-dna,1237
0.1,10,chrome,sunspider-string-base64,385
0.1,10,chrome,sunspider-string-fasta,371
0.1,10,chrome,sunspider-string-tagcloud,494
0.1,10,chrome,sunspider-string-unpack-code,380
0.1,10,chrome,sunspider-string-validate-input,378
0.1,10,chrome,js-puzzle-1,292
0.1,10,chrome,js-puzzle-2,287
0.1,10,chrome,js-puzzle-3,288
0.1,10,chrome,js-puzzle-4,307
0.1,10,chrome,js-puzzle-5,305
0.1,10,chrome,js-puzzle-6,287
0.1,10,chrome,js-puzzle-7,294
0.1,10,chrome,js-puzzle-8,284
0.1,10,chrome,js-puzzle-9,287
0.1,10,chrome,js-puzzle-10,300
0.1,10,chrome,js-puzzle-11,284
0.1,10,chrome,manual-bindings,332
0.1,10,chrome,manual-multiline-decls,300
0.1,10,chrome,manual-wtf,342
0.1,20,firefox,sunspider-3d-cube,1790
0.1,20,firefox,sunspider-3d-morph,1928
0.1,20,firefox,sunspider-3d-raytrace,1785
0.1,20,firefox,sunspider-access-binary-trees,1648
0.1,20,firefox,sunspider-access-fannkuch,1427
0.1,20,firefox,sunspider-access-nbody,1431
0.1,20,firefox,sunspider-access-nsieve,790
0.1,20,firefox,sunspider-bitops-3bit-bits-in-byte,1419
0.1,20,firefox,sunspider-bitops-bits-in-byte,1584
0.1,20,firefox,sunspider-bitops-bitwise-and,691
0.1,20,firefox,sunspider-bitops-nsieve-bits,670
0.1,20,firefox,sunspider-controlflow-recursive,1683
0.1,20,firefox,sunspider-crypto-aes,1635
0.1,20,firefox,sunspider-crypto-md5,1520
0.1,20,firefox,sunspider-crypto-sha1,1470
0.1,20,firefox,sunspider-date-format-tofte,1699
0.1,20,firefox,sunspider-date-format-xparb,1415
0.1,20,firefox,sunspider-math-cordic,1359
0.1,20,firefox,sunspider-math-partial-sums,1290
0.1,20,firefox,sunspider-math-spectral-norm,1540
0.1,20,firefox,sunspider-regexp-dna,17752
0.1,20,firefox,sunspider-string-base64,1442
0.1,20,firefox,sunspider-string-fasta,1358
0.1,20,firefox,sunspider-string-tagcloud,8810
0.1,20,firefox,sunspider-string-unpack-code,1586
0.1,20,firefox,sunspider-string-validate-input,1413
0.1,20,firefox,js-puzzle-1,668
0.1,20,firefox,js-puzzle-2,647
0.1,20,firefox,js-puzzle-3,649
0.1,20,firefox,js-puzzle-4,692
0.1,20,firefox,js-puzzle-5,712
0.1,20,firefox,js-puzzle-6,663
0.1,20,firefox,js-puzzle-7,665
0.1,20,firefox,js-puzzle-8,664
0.1,20,firefox,js-puzzle-9,671
0.1,20,firefox,js-puzzle-10,663
0.1,20,firefox,js-puzzle-11,653
0.1,20,firefox,manual-bindings,680
0.1,20,firefox,manual-multiline-decls,656
0.1,20,firefox,manual-wtf,932
0.1,20,chrome,sunspider-3d-cube,663
0.1,20,chrome,sunspider-3d-morph,456
0.1,20,chrome,sunspider-3d-raytrace,727
0.1,20,chrome,sunspider-access-binary-trees,463
0.1,20,chrome,sunspider-access-fannkuch,462
0.1,20,chrome,sunspider-access-nbody,534
0.1,20,chrome,sunspider-access-nsieve,345
0.1,20,chrome,sunspider-bitops-3bit-bits-in-byte,447
0.1,20,chrome,sunspider-bitops-bits-in-byte,344
0.1,20,chrome,sunspider-bitops-bitwise-and,324
0.1,20,chrome,sunspider-bitops-nsieve-bits,334
0.1,20,chrome,sunspider-controlflow-recursive,431
0.1,20,chrome,sunspider-crypto-aes,696
0.1,20,chrome,sunspider-crypto-md5,598
0.1,20,chrome,sunspider-crypto-sha1,579
0.1,20,chrome,sunspider-date-format-tofte,608
0.1,20,chrome,sunspider-date-format-xparb,601
0.1,20,chrome,sunspider-math-cordic,385
0.1,20,chrome,sunspider-math-partial-sums,447
0.1,20,chrome,sunspider-math-spectral-norm,463
0.1,20,chrome,sunspider-regexp-dna,1323
0.1,20,chrome,sunspider-string-base64,390
0.1,20,chrome,sunspider-string-fasta,360
0.1,20,chrome,sunspider-string-tagcloud,604
0.1,20,chrome,sunspider-string-unpack-code,378
0.1,20,chrome,sunspider-string-validate-input,488
0.1,20,chrome,js-puzzle-1,305
0.1,20,chrome,js-puzzle-2,284
0.1,20,chrome,js-puzzle-3,284
0.1,20,chrome,js-puzzle-4,304
0.1,20,chrome,js-puzzle-5,299
0.1,20,chrome,js-puzzle-6,286
0.1,20,chrome,js-puzzle-7,281
0.1,20,chrome,js-puzzle-8,290
0.1,20,chrome,js-puzzle-9,288
0.1,20,chrome,js-puzzle-10,289
0.1,20,chrome,js-puzzle-11,293
0.1,20,chrome,manual-bindings,322
0.1,20,chrome,manual-multiline-decls,317
0.1,20,chrome,manual-wtf,358
0.1,50,firefox,sunspider-3d-cube,3466
0.1,50,firefox,sunspider-3d-morph,4237
0.1,50,firefox,sunspider-3d-raytrace,3287
0.1,50,firefox,sunspider-access-binary-trees,3618
0.1,50,firefox,sunspider-access-fannkuch,2923
0.1,50,firefox,sunspider-access-nbody,2975
0.1,50,firefox,sunspider-access-nsieve,816
0.1,50,firefox,sunspider-bitops-3bit-bits-in-byte,3027
0.1,50,firefox,sunspider-bitops-bits-in-byte,3212
0.1,50,firefox,sunspider-bitops-bitwise-and,696
0.1,50,firefox,sunspider-bitops-nsieve-bits,684
0.1,50,firefox,sunspider-controlflow-recursive,3591
0.1,50,firefox,sunspider-crypto-aes,3336
0.1,50,firefox,sunspider-crypto-md5,3290
0.1,50,firefox,sunspider-crypto-sha1,3052
0.1,50,firefox,sunspider-date-format-tofte,3496
0.1,50,firefox,sunspider-date-format-xparb,3036
0.1,50,firefox,sunspider-math-cordic,2916
0.1,50,firefox,sunspider-math-partial-sums,2818
0.1,50,firefox,sunspider-math-spectral-norm,3298
0.1,50,firefox,sunspider-regexp-dna,17853
0.1,50,firefox,sunspider-string-base64,2715
0.1,50,firefox,sunspider-string-fasta,2810
0.1,50,firefox,sunspider-string-tagcloud,24294
0.1,50,firefox,sunspider-string-unpack-code,3174
0.1,50,firefox,sunspider-string-validate-input,2906
0.1,50,firefox,js-puzzle-1,662
0.1,50,firefox,js-puzzle-2,649
0.1,50,firefox,js-puzzle-3,656
0.1,50,firefox,js-puzzle-4,810
0.1,50,firefox,js-puzzle-5,667
0.1,50,firefox,js-puzzle-6,660
0.1,50,firefox,js-puzzle-7,661
0.1,50,firefox,js-puzzle-8,670
0.1,50,firefox,js-puzzle-9,668
0.1,50,firefox,js-puzzle-10,662
0.1,50,firefox,js-puzzle-11,655
0.1,50,firefox,manual-bindings,677
0.1,50,firefox,manual-multiline-decls,787
0.1,50,firefox,manual-wtf,799
0.1,50,chrome,sunspider-3d-cube,888
0.1,50,chrome,sunspider-3d-morph,555
0.1,50,chrome,sunspider-3d-raytrace,944
0.1,50,chrome,sunspider-access-binary-trees,637
0.1,50,chrome,sunspider-access-fannkuch,559
0.1,50,chrome,sunspider-access-nbody,628
0.1,50,chrome,sunspider-access-nsieve,328
0.1,50,chrome,sunspider-bitops-3bit-bits-in-byte,537
0.1,50,chrome,sunspider-bitops-bits-in-byte,327
0.1,50,chrome,sunspider-bitops-bitwise-and,317
0.1,50,chrome,sunspider-bitops-nsieve-bits,338
0.1,50,chrome,sunspider-controlflow-recursive,626
0.1,50,chrome,sunspider-crypto-aes,896
0.1,50,chrome,sunspider-crypto-md5,814
0.1,50,chrome,sunspider-crypto-sha1,767
0.1,50,chrome,sunspider-date-format-tofte,930
0.1,50,chrome,sunspider-date-format-xparb,793
0.1,50,chrome,sunspider-math-cordic,580
0.1,50,chrome,sunspider-math-partial-sums,542
0.1,50,chrome,sunspider-math-spectral-norm,577
0.1,50,chrome,sunspider-regexp-dna,1319
0.1,50,chrome,sunspider-string-base64,596
0.1,50,chrome,sunspider-string-fasta,577
0.1,50,chrome,sunspider-string-tagcloud,897
0.1,50,chrome,sunspider-string-unpack-code,365
0.1,50,chrome,sunspider-string-validate-input,582
0.1,50,chrome,js-puzzle-1,288
0.1,50,chrome,js-puzzle-2,297
0.1,50,chrome,js-puzzle-3,287
0.1,50,chrome,js-puzzle-4,313
0.1,50,chrome,js-puzzle-5,306
0.1,50,chrome,js-puzzle-6,294
0.1,50,chrome,js-puzzle-7,288
0.1,50,chrome,js-puzzle-8,300
0.1,50,chrome,js-puzzle-9,296
0.1,50,chrome,js-puzzle-10,303
0.1,50,chrome,js-puzzle-11,294
0.1,50,chrome,manual-bindings,335
0.1,50,chrome,manual-multiline-decls,304
0.1,50,chrome,manual-wtf,354
0.1,100,firefox,sunspider-3d-cube,6505
0.1,100,firefox,sunspider-3d-morph,7475
0.1,100,firefox,sunspider-3d-raytrace,6171
0.1,100,firefox,sunspider-access-binary-trees,6914
0.1,100,firefox,sunspider-access-fannkuch,5633
0.1,100,firefox,sunspider-access-nbody,5771
0.1,100,firefox,sunspider-access-nsieve,773
0.1,100,firefox,sunspider-bitops-3bit-bits-in-byte,5615
0.1,100,firefox,sunspider-bitops-bits-in-byte,5702
0.1,100,firefox,sunspider-bitops-bitwise-and,691
0.1,100,firefox,sunspider-bitops-nsieve-bits,665
0.1,100,firefox,sunspider-controlflow-recursive,8874
0.1,100,firefox,sunspider-crypto-aes,6252
0.1,100,firefox,sunspider-crypto-md5,6514
0.1,100,firefox,sunspider-crypto-sha1,6091
0.1,100,firefox,sunspider-date-format-tofte,6360
0.1,100,firefox,sunspider-date-format-xparb,5722
0.1,100,firefox,sunspider-math-cordic,5565
0.1,100,firefox,sunspider-math-partial-sums,5302
0.1,100,firefox,sunspider-math-spectral-norm,6302
0.1,100,firefox,sunspider-regexp-dna,15751
0.1,100,firefox,sunspider-string-base64,5107
0.1,100,firefox,sunspider-string-fasta,5320
0.1,100,firefox,sunspider-string-tagcloud,48767
0.1,100,firefox,sunspider-string-unpack-code,6250
0.1,100,firefox,sunspider-string-validate-input,5563
0.1,100,firefox,js-puzzle-1,663
0.1,100,firefox,js-puzzle-2,651
0.1,100,firefox,js-puzzle-3,650
0.1,100,firefox,js-puzzle-4,661
0.1,100,firefox,js-puzzle-5,649
0.1,100,firefox,js-puzzle-6,655
0.1,100,firefox,js-puzzle-7,661
0.1,100,firefox,js-puzzle-8,689
0.1,100,firefox,js-puzzle-9,674
0.1,100,firefox,js-puzzle-10,658
0.1,100,firefox,js-puzzle-11,660
0.1,100,firefox,manual-bindings,680
0.1,100,firefox,manual-multiline-decls,675
0.1,100,firefox,manual-wtf,781
0.1,100,chrome,sunspider-3d-cube,1311
0.1,100,chrome,sunspider-3d-morph,768
0.1,100,chrome,sunspider-3d-raytrace,1239
0.1,100,chrome,sunspider-access-binary-trees,1045
0.1,100,chrome,sunspider-access-fannkuch,1142
0.1,100,chrome,sunspider-access-nbody,1226
0.1,100,chrome,sunspider-access-nsieve,375
0.1,100,chrome,sunspider-bitops-3bit-bits-in-byte,773
0.1,100,chrome,sunspider-bitops-bits-in-byte,336
0.1,100,chrome,sunspider-bitops-bitwise-and,334
0.1,100,chrome,sunspider-bitops-nsieve-bits,324
0.1,100,chrome,sunspider-controlflow-recursive,941
0.1,100,chrome,sunspider-crypto-aes,1200
0.1,100,chrome,sunspider-crypto-md5,1115
0.1,100,chrome,sunspider-crypto-sha1,973
0.1,100,chrome,sunspider-date-format-tofte,1445
0.1,100,chrome,sunspider-date-format-xparb,1114
0.1,100,chrome,sunspider-math-cordic,914
0.1,100,chrome,sunspider-math-partial-sums,855
0.1,100,chrome,sunspider-math-spectral-norm,962
0.1,100,chrome,sunspider-regexp-dna,1437
0.1,100,chrome,sunspider-string-base64,922
0.1,100,chrome,sunspider-string-fasta,788
0.1,100,chrome,sunspider-string-tagcloud,1211
0.1,100,chrome,sunspider-string-unpack-code,378
0.1,100,chrome,sunspider-string-validate-input,814
0.1,100,chrome,js-puzzle-1,308
0.1,100,chrome,js-puzzle-2,314
0.1,100,chrome,js-puzzle-3,301
0.1,100,chrome,js-puzzle-4,313
0.1,100,chrome,js-puzzle-5,311
0.1,100,chrome,js-puzzle-6,306
0.1,100,chrome,js-puzzle-7,292
0.1,100,chrome,js-puzzle-8,311
0.1,100,chrome,js-puzzle-9,289
0.1,100,chrome,js-puzzle-10,298
0.1,100,chrome,js-puzzle-11,294
0.1,100,chrome,manual-bindings,338
0.1,100,chrome,manual-multiline-decls,327
0.1,100,chrome,manual-wtf,356
0.1,200,firefox,sunspider-3d-cube,12305
0.1,200,firefox,sunspider-3d-morph,13962
0.1,200,firefox,sunspider-3d-raytrace,11722
0.1,200,firefox,sunspider-access-binary-trees,13444
0.1,200,firefox,sunspider-access-fannkuch,10919
0.1,200,firefox,sunspider-access-nbody,11374
0.1,200,firefox,sunspider-access-nsieve,889
0.1,200,firefox,sunspider-bitops-3bit-bits-in-byte,10955
0.1,200,firefox,sunspider-bitops-bits-in-byte,11250
0.1,200,firefox,sunspider-bitops-bitwise-and,683
0.1,200,firefox,sunspider-bitops-nsieve-bits,733
0.1,200,firefox,sunspider-controlflow-recursive,20929
0.1,200,firefox,sunspider-crypto-aes,12301
0.1,200,firefox,sunspider-crypto-md5,12592
0.1,200,firefox,sunspider-crypto-sha1,11685
0.1,200,firefox,sunspider-date-format-tofte,12176
0.1,200,firefox,sunspider-date-format-xparb,10888
0.1,200,firefox,sunspider-math-cordic,10834
0.1,200,firefox,sunspider-math-partial-sums,10420
0.1,200,firefox,sunspider-math-spectral-norm,12221
0.1,200,firefox,sunspider-regexp-dna,18112
0.1,200,firefox,sunspider-string-base64,10038
0.1,200,firefox,sunspider-string-fasta,10429
0.1,200,firefox,sunspider-string-tagcloud,103070
0.1,200,firefox,sunspider-string-unpack-code,12132
0.1,200,firefox,sunspider-string-validate-input,11046
0.1,200,firefox,js-puzzle-1,679
0.1,200,firefox,js-puzzle-2,781
0.1,200,firefox,js-puzzle-3,678
0.1,200,firefox,js-puzzle-4,667
0.1,200,firefox,js-puzzle-5,658
0.1,200,firefox,js-puzzle-6,657
0.1,200,firefox,js-puzzle-7,662
0.1,200,firefox,js-puzzle-8,660
0.1,200,firefox,js-puzzle-9,683
0.1,200,firefox,js-puzzle-10,680
0.1,200,firefox,js-puzzle-11,667
0.1,200,firefox,manual-bindings,685
0.1,200,firefox,manual-multiline-decls,671
0.1,200,firefox,manual-wtf,786
0.1,200,chrome,sunspider-3d-cube,2151
0.1,200,chrome,sunspider-3d-morph,1479
0.1,200,chrome,sunspider-3d-raytrace,2213
0.1,200,chrome,sunspider-access-binary-trees,1652
0.1,200,chrome,sunspider-access-fannkuch,1482
0.1,200,chrome,sunspider-access-nbody,1570
0.1,200,chrome,sunspider-access-nsieve,340
0.1,200,chrome,sunspider-bitops-3bit-bits-in-byte,1243
0.1,200,chrome,sunspider-bitops-bits-in-byte,327
0.1,200,chrome,sunspider-bitops-bitwise-and,316
0.1,200,chrome,sunspider-bitops-nsieve-bits,340
0.1,200,chrome,sunspider-controlflow-recursive,1739
0.1,200,chrome,sunspider-crypto-aes,1928
0.1,200,chrome,sunspider-crypto-md5,1850
0.1,200,chrome,sunspider-crypto-sha1,1677
0.1,200,chrome,sunspider-date-format-tofte,2258
0.1,200,chrome,sunspider-date-format-xparb,1828
0.1,200,chrome,sunspider-math-cordic,1401
0.1,200,chrome,sunspider-math-partial-sums,1357
0.1,200,chrome,sunspider-math-spectral-norm,1493
0.1,200,chrome,sunspider-regexp-dna,1533
0.1,200,chrome,sunspider-string-base64,1644
0.1,200,chrome,sunspider-string-fasta,1396
0.1,200,chrome,sunspider-string-tagcloud,2300
0.1,200,chrome,sunspider-string-unpack-code,371
0.1,200,chrome,sunspider-string-validate-input,1507
0.1,200,chrome,js-puzzle-1,309
0.1,200,chrome,js-puzzle-2,314
0.1,200,chrome,js-puzzle-3,295
0.1,200,chrome,js-puzzle-4,313
0.1,200,chrome,js-puzzle-5,327
0.1,200,chrome,js-puzzle-6,284
0.1,200,chrome,js-puzzle-7,306
0.1,200,chrome,js-puzzle-8,309
0.1,200,chrome,js-puzzle-9,303
0.1,200,chrome,js-puzzle-10,308
0.1,200,chrome,js-puzzle-11,308
0.1,200,chrome,manual-bindings,358
0.1,200,chrome,manual-multiline-decls,311
0.1,200,chrome,manual-wtf,372
0.1,100,firefox,sunspider-3d-cube,6690
0.1,100,firefox,sunspider-3d-morph,7784
0.1,100,firefox,sunspider-3d-raytrace,6414
0.1,100,firefox,sunspider-access-binary-trees,7034
0.1,100,firefox,sunspider-access-fannkuch,5640
0.1,100,firefox,sunspider-access-nbody,5853
0.1,100,firefox,sunspider-access-nsieve,794
0.1,100,firefox,sunspider-bitops-3bit-bits-in-byte,5984
0.1,100,firefox,sunspider-bitops-bits-in-byte,5898
0.1,100,firefox,sunspider-bitops-bitwise-and,701
0.1,100,firefox,sunspider-bitops-nsieve-bits,686
0.1,100,firefox,sunspider-controlflow-recursive,9187
0.1,100,firefox,sunspider-crypto-aes,6416
0.1,100,firefox,sunspider-crypto-md5,6473
0.1,100,firefox,sunspider-crypto-sha1,6119
0.1,100,firefox,sunspider-date-format-tofte,6540
0.1,100,firefox,sunspider-date-format-xparb,5753
0.1,100,firefox,sunspider-math-cordic,5658
0.1,100,firefox,sunspider-math-partial-sums,5516
0.1,100,firefox,sunspider-math-spectral-norm,6407
0.1,100,firefox,sunspider-regexp-dna,15421
0.1,100,firefox,sunspider-string-base64,5462
0.1,100,firefox,sunspider-string-fasta,5988
0.1,100,firefox,sunspider-string-tagcloud,52334
0.1,100,firefox,sunspider-string-unpack-code,6430
0.1,100,firefox,sunspider-string-validate-input,5792
0.1,100,firefox,js-puzzle-1,667
0.1,100,firefox,js-puzzle-2,646
0.1,100,firefox,js-puzzle-3,648
0.1,100,firefox,js-puzzle-4,657
0.1,100,firefox,js-puzzle-5,646
0.1,100,firefox,js-puzzle-6,655
0.1,100,firefox,js-puzzle-7,681
0.1,100,firefox,js-puzzle-8,727
0.1,100,firefox,js-puzzle-9,666
0.1,100,firefox,js-puzzle-10,662
0.1,100,firefox,js-puzzle-11,665
0.1,100,firefox,manual-bindings,686
0.1,100,firefox,manual-multiline-decls,672
0.1,100,firefox,manual-wtf,797
0.1,100,chrome,sunspider-3d-cube,1316
0.1,100,chrome,sunspider-3d-morph,868
0.1,100,chrome,sunspider-3d-raytrace,1402
0.1,100,chrome,sunspider-access-binary-trees,1054
0.1,100,chrome,sunspider-access-fannkuch,958
0.1,100,chrome,sunspider-access-nbody,1055
0.1,100,chrome,sunspider-access-nsieve,350
0.1,100,chrome,sunspider-bitops-3bit-bits-in-byte,845
0.1,100,chrome,sunspider-bitops-bits-in-byte,339
0.1,100,chrome,sunspider-bitops-bitwise-and,337
0.1,100,chrome,sunspider-bitops-nsieve-bits,347
0.1,100,chrome,sunspider-controlflow-recursive,1040
0.1,100,chrome,sunspider-crypto-aes,1361
0.1,100,chrome,sunspider-crypto-md5,1266
0.1,100,chrome,sunspider-crypto-sha1,1098
0.1,100,chrome,sunspider-date-format-tofte,1478
0.1,100,chrome,sunspider-date-format-xparb,1255
0.1,100,chrome,sunspider-math-cordic,935
0.1,100,chrome,sunspider-math-partial-sums,849
0.1,100,chrome,sunspider-math-spectral-norm,982
0.1,100,chrome,sunspider-regexp-dna,1509
0.1,100,chrome,sunspider-string-base64,922
0.1,100,chrome,sunspider-string-fasta,910
0.1,100,chrome,sunspider-string-tagcloud,1448
0.1,100,chrome,sunspider-string-unpack-code,411
0.1,100,chrome,sunspider-string-validate-input,893
0.1,100,chrome,js-puzzle-1,315
0.1,100,chrome,js-puzzle-2,310
0.1,100,chrome,js-puzzle-3,323
0.1,100,chrome,js-puzzle-4,345
0.1,100,chrome,js-puzzle-5,313
0.1,100,chrome,js-puzzle-6,317
0.1,100,chrome,js-puzzle-7,337
0.1,100,chrome,js-puzzle-8,309
0.1,100,chrome,js-puzzle-9,326
0.1,100,chrome,js-puzzle-10,318
0.1,100,chrome,js-puzzle-11,332
0.1,100,chrome,manual-bindings,339
0.1,100,chrome,manual-multiline-decls,318
0.1,100,chrome,manual-wtf,363
0.2,100,firefox,sunspider-3d-cube,6491
0.2,100,firefox,sunspider-3d-morph,5189
0.2,100,firefox,sunspider-3d-raytrace,6385
0.2,100,firefox,sunspider-access-binary-trees,6812
0.2,100,firefox,sunspider-access-fannkuch,5550
0.2,100,firefox,sunspider-access-nbody,5679
0.2,100,firefox,sunspider-access-nsieve,1740
0.2,100,firefox,sunspider-bitops-3bit-bits-in-byte,5488
0.2,100,firefox,sunspider-bitops-bits-in-byte,5605
0.2,100,firefox,sunspider-bitops-bitwise-and,5147
0.2,100,firefox,sunspider-bitops-nsieve-bits,5597
0.2,100,firefox,sunspider-controlflow-recursive,8701
0.2,100,firefox,sunspider-crypto-aes,6087
0.2,100,firefox,sunspider-crypto-md5,6353
0.2,100,firefox,sunspider-crypto-sha1,5982
0.2,100,firefox,sunspider-date-format-tofte,6308
0.2,100,firefox,sunspider-date-format-xparb,5676
0.2,100,firefox,sunspider-math-cordic,5541
0.2,100,firefox,sunspider-math-partial-sums,5322
0.2,100,firefox,sunspider-math-spectral-norm,6122
0.2,100,firefox,sunspider-regexp-dna,36490
0.2,100,firefox,sunspider-string-base64,5225
0.2,100,firefox,sunspider-string-fasta,5432
0.2,100,firefox,sunspider-string-tagcloud,49207
0.2,100,firefox,sunspider-string-unpack-code,6322
0.2,100,firefox,sunspider-string-validate-input,5610
0.2,100,firefox,js-puzzle-1,657
0.2,100,firefox,js-puzzle-2,644
0.2,100,firefox,js-puzzle-3,649
0.2,100,firefox,js-puzzle-4,654
0.2,100,firefox,js-puzzle-5,644
0.2,100,firefox,js-puzzle-6,654
0.2,100,firefox,js-puzzle-7,650
0.2,100,firefox,js-puzzle-8,813
0.2,100,firefox,js-puzzle-9,668
0.2,100,firefox,js-puzzle-10,653
0.2,100,firefox,js-puzzle-11,654
0.2,100,firefox,manual-bindings,921
0.2,100,firefox,manual-multiline-decls,656
0.2,100,firefox,manual-wtf,997
0.2,100,chrome,sunspider-3d-cube,1250
0.2,100,chrome,sunspider-3d-morph,576
0.2,100,chrome,sunspider-3d-raytrace,1472
0.2,100,chrome,sunspider-access-binary-trees,865
0.2,100,chrome,sunspider-access-fannkuch,898
0.2,100,chrome,sunspider-access-nbody,1033
0.2,100,chrome,sunspider-access-nsieve,470
0.2,100,chrome,sunspider-bitops-3bit-bits-in-byte,763
0.2,100,chrome,sunspider-bitops-bits-in-byte,752
0.2,100,chrome,sunspider-bitops-bitwise-and,335
0.2,100,chrome,sunspider-bitops-nsieve-bits,363
0.2,100,chrome,sunspider-controlflow-recursive,948
0.2,100,chrome,sunspider-crypto-aes,1332
0.2,100,chrome,sunspider-crypto-md5,1267
0.2,100,chrome,sunspider-crypto-sha1,1096
0.2,100,chrome,sunspider-date-format-tofte,1267
0.2,100,chrome,sunspider-date-format-xparb,1283
0.2,100,chrome,sunspider-math-cordic,830
0.2,100,chrome,sunspider-math-partial-sums,767
0.2,100,chrome,sunspider-math-spectral-norm,882
0.2,100,chrome,sunspider-regexp-dna,2149
0.2,100,chrome,sunspider-string-base64,657
0.2,100,chrome,sunspider-string-fasta,812
0.2,100,chrome,sunspider-string-tagcloud,1333
0.2,100,chrome,sunspider-string-unpack-code,499
0.2,100,chrome,sunspider-string-validate-input,810
0.2,100,chrome,js-puzzle-1,302
0.2,100,chrome,js-puzzle-2,288
0.2,100,chrome,js-puzzle-3,297
0.2,100,chrome,js-puzzle-4,308
0.2,100,chrome,js-puzzle-5,278
0.2,100,chrome,js-puzzle-6,300
0.2,100,chrome,js-puzzle-7,302
0.2,100,chrome,js-puzzle-8,302
0.2,100,chrome,js-puzzle-9,283
0.2,100,chrome,js-puzzle-10,281
0.2,100,chrome,js-puzzle-11,300
0.2,100,chrome,manual-bindings,362
0.2,100,chrome,manual-multiline-decls,322
0.2,100,chrome,manual-wtf,404
0.5,100,firefox,sunspider-3d-cube,6546
0.5,100,firefox,sunspider-3d-morph,5316
0.5,100,firefox,sunspider-3d-raytrace,6459
0.5,100,firefox,sunspider-access-binary-trees,6748
0.5,100,firefox,sunspider-access-fannkuch,5683
0.5,100,firefox,sunspider-access-nbody,5800
0.5,100,firefox,sunspider-access-nsieve,6544
0.5,100,firefox,sunspider-bitops-3bit-bits-in-byte,5667
0.5,100,firefox,sunspider-bitops-bits-in-byte,5636
0.5,100,firefox,sunspider-bitops-bitwise-and,5270
0.5,100,firefox,sunspider-bitops-nsieve-bits,10499
0.5,100,firefox,sunspider-controlflow-recursive,8412
0.5,100,firefox,sunspider-crypto-aes,6514
0.5,100,firefox,sunspider-crypto-md5,5973
0.5,100,firefox,sunspider-crypto-sha1,6224
0.5,100,firefox,sunspider-date-format-tofte,6522
0.5,100,firefox,sunspider-date-format-xparb,5992
0.5,100,firefox,sunspider-math-cordic,5552
0.5,100,firefox,sunspider-math-partial-sums,5275
0.5,100,firefox,sunspider-math-spectral-norm,6144
0.5,100,firefox,sunspider-regexp-dna,82944
0.5,100,firefox,sunspider-string-base64,5491
0.5,100,firefox,sunspider-string-fasta,5323
0.5,100,firefox,sunspider-string-tagcloud,47836
0.5,100,firefox,sunspider-string-unpack-code,6448
0.5,100,firefox,sunspider-string-validate-input,5772
0.5,100,firefox,js-puzzle-1,666
0.5,100,firefox,js-puzzle-2,651
0.5,100,firefox,js-puzzle-3,830
0.5,100,firefox,js-puzzle-4,680
0.5,100,firefox,js-puzzle-5,667
0.5,100,firefox,js-puzzle-6,663
0.5,100,firefox,js-puzzle-7,668
0.5,100,firefox,js-puzzle-8,771
0.5,100,firefox,js-puzzle-9,660
0.5,100,firefox,js-puzzle-10,656
0.5,100,firefox,js-puzzle-11,673
0.5,100,firefox,manual-bindings,1369
0.5,100,firefox,manual-multiline-decls,1081
0.5,100,firefox,manual-wtf,1911
0.5,100,chrome,sunspider-3d-cube,1925
0.5,100,chrome,sunspider-3d-morph,691
0.5,100,chrome,sunspider-3d-raytrace,2174
0.5,100,chrome,sunspider-access-binary-trees,965
0.5,100,chrome,sunspider-access-fannkuch,1001
0.5,100,chrome,sunspider-access-nbody,1338
0.5,100,chrome,sunspider-access-nsieve,845
0.5,100,chrome,sunspider-bitops-3bit-bits-in-byte,819
0.5,100,chrome,sunspider-bitops-bits-in-byte,807
0.5,100,chrome,sunspider-bitops-bitwise-and,406
0.5,100,chrome,sunspider-bitops-nsieve-bits,933
0.5,100,chrome,sunspider-controlflow-recursive,1016
0.5,100,chrome,sunspider-crypto-aes,2103
0.5,100,chrome,sunspider-crypto-md5,1736
0.5,100,chrome,sunspider-crypto-sha1,1440
0.5,100,chrome,sunspider-date-format-tofte,1795
0.5,100,chrome,sunspider-date-format-xparb,1982
0.5,100,chrome,sunspider-math-cordic,988
0.5,100,chrome,sunspider-math-partial-sums,843
0.5,100,chrome,sunspider-math-spectral-norm,874
0.5,100,chrome,sunspider-regexp-dna,4947
0.5,100,chrome,sunspider-string-base64,852
0.5,100,chrome,sunspider-string-fasta,946
0.5,100,chrome,sunspider-string-tagcloud,1766
0.5,100,chrome,sunspider-string-unpack-code,644
0.5,100,chrome,sunspider-string-validate-input,955
0.5,100,chrome,js-puzzle-1,328
0.5,100,chrome,js-puzzle-2,301
0.5,100,chrome,js-puzzle-3,320
0.5,100,chrome,js-puzzle-4,335
0.5,100,chrome,js-puzzle-5,304
0.5,100,chrome,js-puzzle-6,313
0.5,100,chrome,js-puzzle-7,327
0.5,100,chrome,js-puzzle-8,327
0.5,100,chrome,js-puzzle-9,329
0.5,100,chrome,js-puzzle-10,299
0.5,100,chrome,js-puzzle-11,309
0.5,100,chrome,manual-bindings,534
0.5,100,chrome,manual-multiline-decls,346
0.5,100,chrome,manual-wtf,537
1,100,firefox,sunspider-3d-cube,6687
1,100,firefox,sunspider-3d-morph,5292
1,100,firefox,sunspider-3d-raytrace,7005
1,100,firefox,sunspider-access-binary-trees,6733
1,100,firefox,sunspider-access-fannkuch,5679
1,100,firefox,sunspider-access-nbody,5975
1,100,firefox,sunspider-access-nsieve,23536
1,100,firefox,sunspider-bitops-3bit-bits-in-byte,5592
1,100,firefox,sunspider-bitops-bits-in-byte,5551
1,100,firefox,sunspider-bitops-bitwise-and,5315
1,100,firefox,sunspider-bitops-nsieve-bits,5965
1,100,firefox,sunspider-controlflow-recursive,6666
1,100,firefox,sunspider-crypto-aes,6865
1,100,firefox,sunspider-crypto-md5,6336
1,100,firefox,sunspider-crypto-sha1,6058
1,100,firefox,sunspider-date-format-tofte,6509
1,100,firefox,sunspider-date-format-xparb,6450
1,100,firefox,sunspider-math-cordic,5657
1,100,firefox,sunspider-math-partial-sums,5414
1,100,firefox,sunspider-math-spectral-norm,6005
1,100,firefox,sunspider-regexp-dna,154429
1,100,firefox,sunspider-string-base64,5624
1,100,firefox,sunspider-string-fasta,5472
1,100,firefox,sunspider-string-tagcloud,44732
1,100,firefox,sunspider-string-unpack-code,6538
1,100,firefox,sunspider-string-validate-input,5749
1,100,firefox,js-puzzle-1,714
1,100,firefox,js-puzzle-2,655
1,100,firefox,js-puzzle-3,666
1,100,firefox,js-puzzle-4,977
1,100,firefox,js-puzzle-5,668
1,100,firefox,js-puzzle-6,678
1,100,firefox,js-puzzle-7,778
1,100,firefox,js-puzzle-8,1080
1,100,firefox,js-puzzle-9,671
1,100,firefox,js-puzzle-10,663
1,100,firefox,js-puzzle-11,792
1,100,firefox,manual-bindings,1637
1,100,firefox,manual-multiline-decls,1240
1,100,firefox,manual-wtf,3293
1,100,chrome,sunspider-3d-cube,2643
1,100,chrome,sunspider-3d-morph,820
1,100,chrome,sunspider-3d-raytrace,3357
1,100,chrome,sunspider-access-binary-trees,1176
1,100,chrome,sunspider-access-fannkuch,1143
1,100,chrome,sunspider-access-nbody,1641
1,100,chrome,sunspider-access-nsieve,1026
1,100,chrome,sunspider-bitops-3bit-bits-in-byte,906
1,100,chrome,sunspider-bitops-bits-in-byte,859
1,100,chrome,sunspider-bitops-bitwise-and,680
1,100,chrome,sunspider-bitops-nsieve-bits,1023
1,100,chrome,sunspider-controlflow-recursive,1076
1,100,chrome,sunspider-crypto-aes,3007
1,100,chrome,sunspider-crypto-md5,2531
1,100,chrome,sunspider-crypto-sha1,1902
1,100,chrome,sunspider-date-format-tofte,2407
1,100,chrome,sunspider-date-format-xparb,2735
1,100,chrome,sunspider-math-cordic,1201
1,100,chrome,sunspider-math-partial-sums,900
1,100,chrome,sunspider-math-spectral-norm,1074
1,100,chrome,sunspider-regexp-dna,9632
1,100,chrome,sunspider-string-base64,1147
1,100,chrome,sunspider-string-fasta,1141
1,100,chrome,sunspider-string-tagcloud,2373
1,100,chrome,sunspider-string-unpack-code,807
1,100,chrome,sunspider-string-validate-input,1130
1,100,chrome,js-puzzle-1,351
1,100,chrome,js-puzzle-2,315
1,100,chrome,js-puzzle-3,342
1,100,chrome,js-puzzle-4,384
1,100,chrome,js-puzzle-5,325
1,100,chrome,js-puzzle-6,330
1,100,chrome,js-puzzle-7,355
1,100,chrome,js-puzzle-8,340
1,100,chrome,js-puzzle-9,326
1,100,chrome,js-puzzle-10,318
1,100,chrome,js-puzzle-11,344
1,100,chrome,manual-bindings,617
1,100,chrome,manual-multiline-decls,399
1,100,chrome,manual-wtf,974
